{
  "config_name": "hybrid_rerank",
  "candidate_k": 10,
  "final_k": 5,
  "metrics": {
    "per_query": {
      "q1": {
        "precision@5": 0.6,
        "recall@5": 1.0,
        "ndcg@5": 0.9499797323370371
      },
      "q2": {
        "precision@5": 0.2,
        "recall@5": 1.0,
        "ndcg@5": 1.0
      },
      "q3": {
        "precision@5": 0.2,
        "recall@5": 0.5,
        "ndcg@5": 0.17376534287144002
      },
      "q4": {
        "precision@5": 0.4,
        "recall@5": 1.0,
        "ndcg@5": 1.0
      },
      "q5": {
        "precision@5": 0.2,
        "recall@5": 1.0,
        "ndcg@5": 1.0
      },
      "q6": {
        "precision@5": 0.2,
        "recall@5": 1.0,
        "ndcg@5": 1.0
      },
      "q7": {
        "precision@5": 0.4,
        "recall@5": 1.0,
        "ndcg@5": 1.0
      },
      "q8": {
        "precision@5": 0.2,
        "recall@5": 1.0,
        "ndcg@5": 1.0
      },
      "q9": {
        "precision@5": 0.2,
        "recall@5": 1.0,
        "ndcg@5": 1.0
      },
      "q10": {
        "precision@5": 0.8,
        "recall@5": 1.0,
        "ndcg@5": 0.9896122751286358
      },
      "q11": {
        "precision@5": 0.6,
        "recall@5": 0.75,
        "ndcg@5": 0.817888447004172
      }
    },
    "aggregate": {
      "mean_precision@5": 0.36363636363636365,
      "mean_recall@5": 0.9318181818181818,
      "mean_ndcg@5": 0.9028405270310259,
      "num_queries": 11
    }
  },
  "latency_summary_ms": {
    "mean": 44.17795806666239,
    "p50": 42.746070999953645,
    "p95": 60.10106824995204
  },
  "query_latencies_ms": {
    "q1": 55.702895999957036,
    "q2": 44.09603299995979,
    "q3": 38.16333899999336,
    "q4": 34.80373700006112,
    "q5": 58.36475899991456,
    "q6": 59.057478999989144,
    "q7": 60.9549139999217,
    "q8": 55.28962300002149,
    "q9": 47.64413800000966,
    "q10": 31.68243100003565,
    "q11": 35.46251200009465,
    "q12": 44.86227500001405,
    "q13": 42.11930700000721,
    "q14": 30.57510500002536,
    "q15": 42.47891699992579,
    "q16": 33.866556000020864,
    "q17": 65.01533200002996,
    "q18": 44.521380999981375,
    "q19": 47.837560000061785,
    "q20": 34.481587999948715,
    "q21": 39.96125299988762,
    "q22": 55.028162000098746,
    "q23": 44.21333099992353,
    "q24": 42.35638399995878,
    "q25": 40.78030599998783,
    "q26": 42.435035000039534,
    "q27": 43.1117450000329,
    "q28": 38.187166000057005,
    "q29": 29.27225299993097,
    "q30": 43.0132249999815
  },
  "notes": "Latency includes embedding + retrieval + reranking"
}