{
  "config_name": "hybrid",
  "candidate_k": 10,
  "final_k": 5,
  "metrics": {
    "per_query": {
      "q1": {
        "precision@5": 0.4,
        "recall@5": 0.6666666666666666,
        "ndcg@5": 0.9467676761267002
      },
      "q2": {
        "precision@5": 0.2,
        "recall@5": 1.0,
        "ndcg@5": 1.0
      },
      "q3": {
        "precision@5": 0.2,
        "recall@5": 0.5,
        "ndcg@5": 0.27541155237618664
      },
      "q4": {
        "precision@5": 0.4,
        "recall@5": 1.0,
        "ndcg@5": 0.5437713091520254
      },
      "q5": {
        "precision@5": 0.2,
        "recall@5": 1.0,
        "ndcg@5": 1.0
      },
      "q6": {
        "precision@5": 0.2,
        "recall@5": 1.0,
        "ndcg@5": 1.0
      },
      "q7": {
        "precision@5": 0.4,
        "recall@5": 1.0,
        "ndcg@5": 1.0
      },
      "q8": {
        "precision@5": 0.2,
        "recall@5": 1.0,
        "ndcg@5": 1.0
      },
      "q9": {
        "precision@5": 0.2,
        "recall@5": 1.0,
        "ndcg@5": 1.0
      },
      "q10": {
        "precision@5": 0.6,
        "recall@5": 0.75,
        "ndcg@5": 0.8397253646228869
      },
      "q11": {
        "precision@5": 0.4,
        "recall@5": 0.5,
        "ndcg@5": 0.6114067141321221
      }
    },
    "aggregate": {
      "mean_precision@5": 0.30909090909090914,
      "mean_recall@5": 0.856060606060606,
      "mean_ndcg@5": 0.837916601491811,
      "num_queries": 11
    }
  },
  "latency_summary_ms": {
    "mean": 11.767229233339549,
    "p50": 11.161517000005006,
    "p95": 17.13312209999458
  },
  "query_latencies_ms": {
    "q1": 11.372962999985248,
    "q2": 13.699711999947795,
    "q3": 10.314980999964973,
    "q4": 11.084698999979992,
    "q5": 11.784264000084477,
    "q6": 9.061704000032478,
    "q7": 9.91014399994583,
    "q8": 11.932327000067744,
    "q9": 9.548068000071908,
    "q10": 10.472794000065733,
    "q11": 9.778841999946053,
    "q12": 8.173809000027177,
    "q13": 17.118127999992794,
    "q14": 12.772721999908754,
    "q15": 9.928669000032642,
    "q16": 10.458115999995243,
    "q17": 11.905176000027495,
    "q18": 17.14538999999604,
    "q19": 10.969488000000638,
    "q20": 11.771498000030078,
    "q21": 12.061896999966848,
    "q22": 11.995248999937758,
    "q23": 15.909525999973084,
    "q24": 9.177066000006562,
    "q25": 10.886358999982804,
    "q26": 10.911006000014822,
    "q27": 10.653732000037053,
    "q28": 13.372274000062134,
    "q29": 11.23833500003002,
    "q30": 17.607939000072292
  },
  "notes": "Latency includes embedding + retrieval + reranking"
}