{
  "config_name": "semantic_only",
  "candidate_k": 10,
  "final_k": 5,
  "metrics": {
    "per_query": {
      "q1": {
        "precision@5": 0.6,
        "recall@5": 1.0,
        "ndcg@5": 0.9239941662222116
      },
      "q2": {
        "precision@5": 0.2,
        "recall@5": 1.0,
        "ndcg@5": 1.0
      },
      "q3": {
        "precision@5": 0.2,
        "recall@5": 0.5,
        "ndcg@5": 0.27541155237618664
      },
      "q4": {
        "precision@5": 0.4,
        "recall@5": 1.0,
        "ndcg@5": 1.0
      },
      "q5": {
        "precision@5": 0.2,
        "recall@5": 1.0,
        "ndcg@5": 1.0
      },
      "q6": {
        "precision@5": 0.2,
        "recall@5": 1.0,
        "ndcg@5": 1.0
      },
      "q7": {
        "precision@5": 0.4,
        "recall@5": 1.0,
        "ndcg@5": 1.0
      },
      "q8": {
        "precision@5": 0.2,
        "recall@5": 1.0,
        "ndcg@5": 1.0
      },
      "q9": {
        "precision@5": 0.2,
        "recall@5": 1.0,
        "ndcg@5": 1.0
      },
      "q10": {
        "precision@5": 0.6,
        "recall@5": 0.75,
        "ndcg@5": 0.8372772586864614
      },
      "q11": {
        "precision@5": 0.4,
        "recall@5": 0.5,
        "ndcg@5": 0.6662670347291907
      }
    },
    "aggregate": {
      "mean_precision@5": 0.32727272727272727,
      "mean_recall@5": 0.8863636363636364,
      "mean_ndcg@5": 0.88208636472855,
      "num_queries": 11
    }
  },
  "latency_summary_ms": {
    "mean": 9.413177566671038,
    "p50": 4.1306735000148365,
    "p95": 6.765980700004093
  },
  "query_latencies_ms": {
    "q1": 151.24786000001222,
    "q2": 4.896956000038699,
    "q3": 4.076730000065254,
    "q4": 5.648990000054255,
    "q5": 3.954534999934367,
    "q6": 6.192403000000013,
    "q7": 5.870664999974906,
    "q8": 4.129901999931462,
    "q9": 6.162426000059895,
    "q10": 6.801924000001236,
    "q11": 4.536773000040739,
    "q12": 4.285210000034567,
    "q13": 6.151815000066563,
    "q14": 4.347721000044658,
    "q15": 6.7220500000075845,
    "q16": 5.312863999961337,
    "q17": 3.795068999920659,
    "q18": 4.016875000047548,
    "q19": 4.131445000098211,
    "q20": 3.6870719999342327,
    "q21": 3.5955559999365505,
    "q22": 3.9627109999855747,
    "q23": 3.416581999999835,
    "q24": 3.5658990000229096,
    "q25": 3.318472999922051,
    "q26": 4.264049999960662,
    "q27": 3.3843100000012782,
    "q28": 3.9446860000680317,
    "q29": 3.567321999980777,
    "q30": 3.406453000025067
  },
  "notes": "Latency includes embedding + retrieval + reranking"
}